{"stats":{"minecraft:picked_up":{"minecraft:oak_log":2,"minecraft:sugar_cane":12,"minecraft:wheat_seeds":3},"minecraft:custom":{"minecraft:jump":112,"minecraft:time_since_rest":3209,"minecraft:leave_game":1,"minecraft:damage_taken":20,"minecraft:crouch_one_cm":266,"minecraft:sprint_one_cm":8720,"minecraft:play_time":3209,"minecraft:time_since_death":3209,"minecraft:walk_one_cm":3513,"minecraft:sneak_time":24,"minecraft:total_world_time":3209,"minecraft:fall_one_cm":3539,"minecraft:fly_one_cm":32819},"minecraft:mined":{"minecraft:tall_grass":8,"minecraft:short_grass":11,"minecraft:oak_log":2,"minecraft:sugar_cane":4}},"DataVersion":4082}